Начальная станция; Конечная станция; УП; Вес;
ХОНЫХ-КАМЫШТА; ХОНЫХ — КАМЫШТА;1;
КАМЫШТА-АСКИЗ; КАМЫШТА — АСКИЗ;1;
ХОНЫХ-ОРОСИТЕЛЬНЫЙ; ХОНЫХ — ОРОСИТЕЛЬНЫЙ;1;
ТЕЯ-БИСКАМЖА; ТЕЯ — БИСКАМЖА;1;
ТИСИН-СОН; ТИСИН — СОН;1;
СОН-ТУМАННЫЙ; СОН — ТУМАННЫЙ;1;
ТУМАННЫЙ-ЕРБИНСКАЯ; ТУМАННЫЙ — ЕРБИНСКАЯ;1;
НАХОДКА-ТИХООКЕАНСКАЯ; НАХОДКА — ТИХООКЕАНСКАЯ;1;
ТОКИ-МОНГОХТО; ТОКИ — МОНГОХТО;1;
ТОРЕЯ-ТАЙШЕТ; ТОРЕЯ — ТАЙШЕТ;1;
ТУБИНСКАЯ-ТУШАМА; ТУБИНСКАЯ — ТУШАМА;1;
ТУЛУН-АЗЕЙ; ТУЛУН — АЗЕЙ;1;
АЗЕЙ-КУЙТУН; АЗЕЙ — КУЙТУН;1;
КУЙТУН-ПЕРЕВОЗ; КУЙТУН — ПЕРЕВОЗ;1;
ПЕРЕВОЗ-ЗИМА; ПЕРЕВОЗ — ЗИМА;1;
ТУЛУН-УДА II; ТУЛУН — УДА II;1;
УДА II-НИЖНЕУДИНСК; УДА II — НИЖНЕУДИНСК;1;
ЕРБИНСКАЯ-ОРОСИТЕЛЬНЫЙ; ЕРБИНСКАЯ — ОРОСИТЕЛЬНЫЙ;1;
ОРОСИТЕЛЬНЫЙ-ТИГЕЙ; ОРОСИТЕЛЬНЫЙ — ТИГЕЙ;1;
ТУРМА-ТОРЕЯ; ТУРМА — ТОРЕЯ;1;
ТУШАМА-РУДНОГОРСК; ТУШАМА — РУДНОГОРСК;1;
ТЫНДА-КУВЫКТА; ТЫНДА — КУВЫКТА;30;
КУВЫКТА-ЛОПЧА; КУВЫКТА — ЛОПЧА;1;
ЛОПЧА-ЮКТАЛИ; ЛОПЧА — ЮКТАЛИ;1;
ТЫРМА-ТАЛАНДЖА; ТЫРМА — ТАЛАНДЖА;1;
ТЫРМА-МОШКА; ТЫРМА — МОШКА;1;
ТЫЯ-СЕВЕРОБАЙКАЛЬСК; ТЫЯ — СЕВЕРОБАЙКАЛЬСК;1;
УГОЛЬНАЯ-АМУРСКИЙ ЗАЛИВ; УГОЛЬНАЯ — АМУРСКИЙ ЗАЛИВ;1;
УГОЛЬНАЯ-УГЛОВАЯ; УГОЛЬНАЯ — УГЛОВАЯ;2;
УЖУР-ТИСИН; УЖУР — ТИСИН;1;
УЛАН-УДЭ-МЫСОВАЯ; УЛАН-УДЭ — МЫСОВАЯ;1;
МЫСОВАЯ-БАЙКАЛЬСК; МЫСОВАЯ — БАЙКАЛЬСК;1;
БАЙКАЛЬСК-СЛЮДЯНКА I; БАЙКАЛЬСК — СЛЮДЯНКА I;1;
УЛУЙ-ПРИГОРОДНЫЙ; УЛУЙ — ПРИГОРОДНЫЙ;1;
УРУША-ЕРОФЕЙ ПАВЛОВИЧ; УРУША — ЕРОФЕЙ ПАВЛОВИЧ;1;
УССУРИЙСК-ДУБИНИНСКИЙ; УССУРИЙСК — ДУБИНИНСКИЙ;1;
ДУБИНИНСКИЙ-СИБИРЦЕВО; ДУБИНИНСКИЙ — СИБИРЦЕВО;1;
ДУБИНИНСКИЙ-ВОЗДВИЖЕНСКИЙ; ДУБИНИНСКИЙ — ВОЗДВИЖЕНСКИЙ;2;
УСТЬ-ИЛИМСК-ДИАБАЗОВЫЙ; УСТЬ-ИЛИМСК — ДИАБАЗОВЫЙ;1;
УШМАН-ЯГДЫНЬЯ; УШМАН — ЯГДЫНЬЯ;1;
УЯР-ЗАОЗЕРНАЯ; УЯР — ЗАОЗЕРНАЯ;1;
УЯР-ЗЫКОВО; УЯР — ЗЫКОВО;1;
ЗЫКОВО-КРАСНОЯРСК-ВОСТОЧНЫЙ; ЗЫКОВО — КРАСНОЯРСК-ВОСТОЧНЫЙ;1;
ФЕВРАЛЬСК-ВЕРХНЕЗЕЙСК; ФЕВРАЛЬСК — ВЕРХНЕЗЕЙСК;1;
ХАБАРОВСК II-ХАБАРОВСК I; ХАБАРОВСК II — ХАБАРОВСК I;1;
ХАБЗАС-АСКИЗ; ХАБЗАС — АСКИЗ;1;
ХАНИ-ИКАБЬЯКАН; ХАНИ — ИКАБЬЯКАН;1;
ХАРАНОР-БОРЗЯ; ХАРАНОР — БОРЗЯ;1;
ХАРАНХОЙ-ГУСИНОЕ ОЗЕРО; ХАРАНХОЙ — ГУСИНОЕ ОЗЕРО;1;
ГУСИНОЕ ОЗЕРО-ЗАГУСТАЙ; ГУСИНОЕ ОЗЕРО — ЗАГУСТАЙ;1;
ХАСАН-МАХАЛИНО; ХАСАН — МАХАЛИНО;1;
МАХАЛИНО-ГВОЗДЕВО; МАХАЛИНО — ГВОЗДЕВО;1;
МАХАЛИНО-КАМЫШОВАЯ; МАХАЛИНО — КАМЫШОВАЯ;1;
ГВОЗДЕВО-ПОСЬЕТ; ГВОЗДЕВО — ПОСЬЕТ;1;
ХИЛОК-ЖИПХЕГЕН; ХИЛОК — ЖИПХЕГЕН;1;
ЖИПХЕГЕН-ПЕТРОВСКИЙ ЗАВОД; ЖИПХЕГЕН — ПЕТРОВСКИЙ ЗАВОД;1;
ХМЫЛОВСКИЙ-НАХОДКА; ХМЫЛОВСКИЙ — НАХОДКА;1;
ХОЛОДНЫЙ КЛЮЧ-БУРЕЯ; ХОЛОДНЫЙ КЛЮЧ — БУРЕЯ;1;
ХРЕБТОВАЯ-КОРШУНИХА-АНГАРСКАЯ; ХРЕБТОВАЯ — КОРШУНИХА-АНГАРСКАЯ;1;
ЧЕГДОМЫН-УРГАЛ I; ЧЕГДОМЫН — УРГАЛ I;1;
УРГАЛ I-НОВЫЙ УРГАЛ; УРГАЛ I — НОВЫЙ УРГАЛ;1;
ЧЕЛУТАЙ-ГОРХОН; ЧЕЛУТАЙ — ГОРХОН;1;
ЗАУДИНСКИЙ-ТАЛЬЦЫ; ЗАУДИНСКИЙ — ТАЛЬЦЫ;1;
ЧЕЛУТАЙ-ТАЛЬЦЫ; ЧЕЛУТАЙ — ТАЛЬЦЫ;1;
ЧЕРНОРЕЧЕНСКАЯ-АЧИНСК I; ЧЕРНОРЕЧЕНСКАЯ — АЧИНСК I;1;
ЧЕРНЫШЕВСК-ЗАБАЙКАЛЬСКИЙ-ЖИРЕКЕН; ЧЕРНЫШЕВСК-ЗАБАЙКАЛЬСКИЙ — ЖИРЕКЕН;1;
ЧИТА I-КАДАЛА; ЧИТА I — КАДАЛА;1;
КАДАЛА-ЛЕСНАЯ; КАДАЛА — ЛЕСНАЯ;1;
ЛЕСНАЯ-ГОЛУБИЧНАЯ; ЛЕСНАЯ — ГОЛУБИЧНАЯ;1;
ЧУДНИЧНЫЙ-ЗВЕЗДНАЯ; ЧУДНИЧНЫЙ — ЗВЕЗДНАЯ;1;
ЧУНОЯР-НОВОБИРЮСИНСКАЯ; ЧУНОЯР — НОВОБИРЮСИНСКАЯ;1;
ШАРЫПОВО-БАЗЫР; ШАРЫПОВО — БАЗЫР;1;
ШИЛКА-ПАССАЖИРСКАЯ-ПРИИСКОВАЯ; ШИЛКА-ПАССАЖИРСКАЯ — ПРИИСКОВАЯ;1;
ШИЛКА-ТОВАРНАЯ-ШИЛКА-ПАССАЖИРСКАЯ; ШИЛКА-ТОВАРНАЯ — ШИЛКА-ПАССАЖИРСКАЯ;1;
ШИЛКА-ТОВАРНАЯ-СОЛНЦЕВАЯ; ШИЛКА-ТОВАРНАЯ — СОЛНЦЕВАЯ;1;
ШИМАНОВСКАЯ-УШУМУН; ШИМАНОВСКАЯ — УШУМУН;1;
УШУМУН-МАГДАГАЧИ; УШУМУН — МАГДАГАЧИ;1;
ШКОТОВО-АРТЕМ-ПРИМОРСКИЙ III; ШКОТОВО — АРТЕМ-ПРИМОРСКИЙ III;1;
АРТЕМ-ПРИМОРСКИЙ III-АРТЕМ-ПРИМОРСКИЙ I; АРТЕМ-ПРИМОРСКИЙ III — АРТЕМ-ПРИМОРСКИЙ I;1;
АРТЕМ-ПРИМОРСКИЙ I-УГЛОВАЯ; АРТЕМ-ПРИМОРСКИЙ I — УГЛОВАЯ;1;
УГЛОВАЯ-АМУРСКИЙ ЗАЛИВ; УГЛОВАЯ — АМУРСКИЙ ЗАЛИВ;1;
АМУРСКИЙ ЗАЛИВ-НАДЕЖДИНСКАЯ; АМУРСКИЙ ЗАЛИВ — НАДЕЖДИНСКАЯ;1;
НАДЕЖДИНСКАЯ-БАРАНОВСКИЙ; НАДЕЖДИНСКАЯ — БАРАНОВСКИЙ;1;
БАРАНОВСКИЙ-УССУРИЙСК; БАРАНОВСКИЙ — УССУРИЙСК;1;
ШТУРМ-ТЫНДА; ШТУРМ — ТЫНДА;1;
ШУШЬ-ШАРЫПОВО; ШУШЬ — ШАРЫПОВО;1;
ШУШЬ-КРАСНАЯ СОПКА; ШУШЬ — КРАСНАЯ СОПКА;1;
ЩЕТИНКИНО-САЯНСКАЯ; ЩЕТИНКИНО — САЯНСКАЯ;1;
ЭВОРОН-МОНИ; ЭВОРОН — МОНИ;1;
ЭЛЬДИГАН-СЕЛИХИН; ЭЛЬДИГАН — СЕЛИХИН;1;
ЮКТАЛИ-ОЛЕКМА; ЮКТАЛИ — ОЛЕКМА;1;
ОЛЕКМА-ХАНИ; ОЛЕКМА — ХАНИ;1;
ЮРТЫ-ТАЙШЕТ; ЮРТЫ — ТАЙШЕТ;1;
ЯГДЫНЬЯ-ЭЛЬГА; ЯГДЫНЬЯ — ЭЛЬГА;1;
ЭЛЬГА-АДНИКАН; ЭЛЬГА — АДНИКАН;1;
АДНИКАН-НОВЫЙ УРГАЛ; АДНИКАН — НОВЫЙ УРГАЛ;1;
ИЗВЕСТКОВАЯ-БИРА; ИЗВЕСТКОВАЯ — БИРА;1;
БИРА-БИРОБИДЖАН I; БИРА — БИРОБИДЖАН I;1;
БИРОБИДЖАН I-ВОЛОЧАЕВКА I; БИРОБИДЖАН I — ВОЛОЧАЕВКА I;1;
БИРОБИДЖАН I-БИРОБИДЖАН II; БИРОБИДЖАН I — БИРОБИДЖАН II;1;
БИРОБИДЖАН II-БИРОФЕЛЬД; БИРОБИДЖАН II — БИРОФЕЛЬД;1;
БИРОФЕЛЬД-ЛЕНИНСК; БИРОФЕЛЬД — ЛЕНИНСК;1;
ВОЛОЧАЕВКА I-ТУНГУССКИЙ; ВОЛОЧАЕВКА I — ТУНГУССКИЙ;1;
ТУНГУССКИЙ-ВОЛОЧАЕВКА II; ТУНГУССКИЙ — ВОЛОЧАЕВКА II;2;
ТУНГУССКИЙ-ДЕЖНЕВКА; ТУНГУССКИЙ — ДЕЖНЕВКА;1;
ДЕЖНЕВКА-ПРИАМУРСКАЯ; ДЕЖНЕВКА — ПРИАМУРСКАЯ;1;
ПРИАМУРСКАЯ-ПОСТ-ПОКРОВСКИЙ; ПРИАМУРСКАЯ — ПОСТ-ПОКРОВСКИЙ;1;
ПОСТ-ПОКРОВСКИЙ-АМУР; ПОСТ-ПОКРОВСКИЙ — АМУР;1;
ПОСТ-ПОКРОВСКИЙ-ПОКРОВКА-ПРИСТАНЬ; ПОСТ-ПОКРОВСКИЙ — ПОКРОВКА-ПРИСТАНЬ;1;
АМУР-ХАБАРОВСК I; АМУР — ХАБАРОВСК I;1;
ВОЛОЧАЕВКА II-ДЕЖНЕВКА; ВОЛОЧАЕВКА II — ДЕЖНЕВКА;1;
УРУША-БАМОВСКАЯ; УРУША — БАМОВСКАЯ;1;
БАМОВСКАЯ-ГОРЕЛЫЙ; БАМОВСКАЯ — ГОРЕЛЫЙ;1;
ГОРЕЛЫЙ-СКОВОРОДИНО; ГОРЕЛЫЙ — СКОВОРОДИНО;1;
ГОРЕЛЫЙ-ШТУРМ; ГОРЕЛЫЙ — ШТУРМ;30;
СКОВОРОДИНО-РЕЙНОВО; СКОВОРОДИНО — РЕЙНОВО;1;
АСКИЗ-АБАЗА; АСКИЗ — АБАЗА;1;
ТАШЕБА-АБАКАН; ТАШЕБА — АБАКАН;1;
СУРИКОВО-АБАЛАКОВО; СУРИКОВО — АБАЛАКОВО;1;
ТИМОНИНО-СУРИКОВО; ТИМОНИНО — СУРИКОВО;1;
КАЗАНКАН-АНГАРАКАН; КАЗАНКАН — АНГАРАКАН;1;
ПЕРЕВАЛ-АНГАРАКАН; ПЕРЕВАЛ — АНГАРАКАН;1;
АНГАСОЛКА-АНДРИАНОВСКАЯ; АНГАСОЛКА — АНДРИАНОВСКАЯ;1;
СЛЮДЯНКА II-АНГАСОЛКА; СЛЮДЯНКА II — АНГАСОЛКА;1;
КУЛТУК-СЛЮДЯНКА II; КУЛТУК — СЛЮДЯНКА II;1;
БАЙКАЛ-КУЛТУК; БАЙКАЛ — КУЛТУК;1;
НОВОНЕЖИНО-АНИСИМОВКА; НОВОНЕЖИНО — АНИСИМОВКА;1;
БУРЕЯ-АРХАРА; БУРЕЯ — АРХАРА;1;
ЗЕРЦАЛЫ-АЧИНСК I; ЗЕРЦАЛЫ — АЧИНСК I;1;
БОГОТОЛ-ЗЕРЦАЛЫ; БОГОТОЛ — ЗЕРЦАЛЫ;1;
АЧИНСК I-АЧИНСК II; АЧИНСК I — АЧИНСК II;2;
ЗЛОБИНО-БАЗАИХА; ЗЛОБИНО — БАЗАИХА;1;
СЮЛЬБАН-БАЛБУХТА; СЮЛЬБАН — БАЛБУХТА;1;
ПРИМОРСКАЯ-БАМБУРОВО; ПРИМОРСКАЯ — БАМБУРОВО;1;
БАРАНОВСКИЙ-ПРИМОРСКАЯ; БАРАНОВСКИЙ — ПРИМОРСКАЯ;1;
ЛЕДЯНАЯ-БЕЛОГОРСК; ЛЕДЯНАЯ — БЕЛОГОРСК;1;
ШИМАНОВСКАЯ-ЛЕДЯНАЯ; ШИМАНОВСКАЯ — ЛЕДЯНАЯ;1;
БЕЛОГОРСК-БЕЛОГОРСК II; БЕЛОГОРСК — БЕЛОГОРСК II;1;
БЕСТУЖЕВО-БЕРКАКИТ; БЕСТУЖЕВО — БЕРКАКИТ;1;
ШАХТАУМ-БЕСТУЖЕВО; ШАХТАУМ — БЕСТУЖЕВО;1;
ТЫНДА-ШАХТАУМ; ТЫНДА — ШАХТАУМ;5;
НЕРЮНГРИ-ПАССАЖИРСКАЯ-БЕРКАКИТ; НЕРЮНГРИ-ПАССАЖИРСКАЯ — БЕРКАКИТ;1;
НЕРЮНГРИ-ГРУЗОВАЯ-НЕРЮНГРИ-ПАССАЖИРСКАЯ; НЕРЮНГРИ-ГРУЗОВАЯ — НЕРЮНГРИ-ПАССАЖИРСКАЯ;1;
РОЗЕНГАРТОВКА-БИКИН; РОЗЕНГАРТОВКА — БИКИН;1;
ВЯЗЕМСКАЯ-РОЗЕНГАРТОВКА; ВЯЗЕМСКАЯ — РОЗЕНГАРТОВКА;1;
КРУГЛИКОВО-ВЯЗЕМСКАЯ; КРУГЛИКОВО — ВЯЗЕМСКАЯ;1;
ХАБАРОВСК II-КРУГЛИКОВО; ХАБАРОВСК II — КРУГЛИКОВО;1;
НАНХЧУЛ-БИСКАМЖА; НАНХЧУЛ — БИСКАМЖА;1;
МЕЖДУРЕЧЕНСК-БИСКАМЖА; МЕЖДУРЕЧЕНСК — БИСКАМЖА;1;
БЕЛОГОРСК-БЛАГОВЕЩЕНСК; БЕЛОГОРСК — БЛАГОВЕЩЕНСК;1;
ОУНЭ-БЛОКПОСТ 197 КМ; ОУНЭ — БЛОКПОСТ 197 КМ;3;
МАРИИНСК-БОГОТОЛ; МАРИИНСК — БОГОТОЛ;1;
ПОСТЫШЕВО-БОЛЕН; ПОСТЫШЕВО — БОЛЕН;1;
АНДРИАНОВСКАЯ-БОЛЬШОЙ ЛУГ; АНДРИАНОВСКАЯ — БОЛЬШОЙ ЛУГ;1;
ЗУН-ТОРЕЙ-БОРЗЯ; ЗУН-ТОРЕЙ — БОРЗЯ;1;
ШАХТЕРСКАЯ-ЗУН-ТОРЕЙ; ШАХТЕРСКАЯ — ЗУН-ТОРЕЙ;1;
ЯСНОГОРСК-ЗАБАЙКАЛЬСКИЙ-ШАХТЕРСКАЯ; ЯСНОГОРСК-ЗАБАЙКАЛЬСКИЙ — ШАХТЕРСКАЯ;1;
ОЛОВЯННАЯ-ЯСНОГОРСК-ЗАБАЙКАЛЬСКИЙ; ОЛОВЯННАЯ — ЯСНОГОРСК-ЗАБАЙКАЛЬСКИЙ;1;
ЧЕРНОРЕЧЕНСКАЯ-БУГАЧ; ЧЕРНОРЕЧЕНСКАЯ — БУГАЧ;1;
КРАСНОЯРСК-БУГАЧ; КРАСНОЯРСК — БУГАЧ;1;
ЗАВИТАЯ-БУРЕЯ; ЗАВИТАЯ — БУРЕЯ;1;
АДРИАНОВКА-БУРЯТСКАЯ; АДРИАНОВКА — БУРЯТСКАЯ;1;
ТАРСКАЯ-АДРИАНОВКА; ТАРСКАЯ — АДРИАНОВКА;1;
ТОКИ-ВАНИНО; ТОКИ — ВАНИНО;1;
ДИПКУН-ВЕРХНЕЗЕЙСК; ДИПКУН — ВЕРХНЕЗЕЙСК;1;
БЕСТУЖЕВО-ДИПКУН; БЕСТУЖЕВО — ДИПКУН;1;
ТУРМА-ВИХОРЕВКА; ТУРМА — ВИХОРЕВКА;1;
ПЕРВАЯ РЕЧКА-ВЛАДИВОСТОК; ПЕРВАЯ РЕЧКА — ВЛАДИВОСТОК;1;
ВТОРАЯ РЕЧКА-ПЕРВАЯ РЕЧКА; ВТОРАЯ РЕЧКА — ПЕРВАЯ РЕЧКА;1;
ГАЙДАМАК-ВЛАДИВОСТОК; ГАЙДАМАК — ВЛАДИВОСТОК;1;
СЕЛЬГОН-ВОЛОЧАЕВКА II; СЕЛЬГОН — ВОЛОЧАЕВКА II;1;
УГОЛЬНАЯ-ВТОРАЯ РЕЧКА; УГОЛЬНАЯ — ВТОРАЯ РЕЧКА;1;
ГАЙДАМАК-ВТОРАЯ РЕЧКА; ГАЙДАМАК — ВТОРАЯ РЕЧКА;1;
МЫС-ЧУРКИН-ГАЙДАМАК; МЫС-ЧУРКИН — ГАЙДАМАК;1;
ГАЙДАМАК-ПЕРВАЯ РЕЧКА; ГАЙДАМАК — ПЕРВАЯ РЕЧКА;1;
БЛОКПОСТ 197 КМ-ВЫСОКОГОРНАЯ; БЛОКПОСТ 197 КМ — ВЫСОКОГОРНАЯ;1;
СУХАНОВКА-ГВОЗДЕВО; СУХАНОВКА — ГВОЗДЕВО;1;
КИЖА-ГОРХОН; КИЖА — ГОРХОН;1;
ГРОДЕКОВО II-ГРОДЕКОВО; ГРОДЕКОВО II — ГРОДЕКОВО;1;
ВОЗДВИЖЕНСКИЙ-ГРОДЕКОВО II; ВОЗДВИЖЕНСКИЙ — ГРОДЕКОВО II;1;
УССУРИЙСК-ВОЗДВИЖЕНСКИЙ; УССУРИЙСК — ВОЗДВИЖЕНСКИЙ;2;
ЛУЧЕГОРСК-ГУБЕРОВО; ЛУЧЕГОРСК — ГУБЕРОВО;1;
БИКИН-ЛУЧЕГОРСК; БИКИН — ЛУЧЕГОРСК;1;
ОУНЭ-ГУРСКОЕ; ОУНЭ — ГУРСКОЕ;1;
ТЫЯ-ДАБАН; ТЫЯ — ДАБАН;1;
ТУБИНСКАЯ-ДИАБАЗОВЫЙ; ТУБИНСКАЯ — ДИАБАЗОВЫЙ;1;
ШУШЬ-ДУБИНИНО; ШУШЬ — ДУБИНИНО;1;
СУЛУК-ДУССЕ-АЛИНЬ; СУЛУК — ДУССЕ-АЛИНЬ;1;
АМАЗАР-ЕРОФЕЙ ПАВЛОВИЧ; АМАЗАР — ЕРОФЕЙ ПАВЛОВИЧ;1;
МОГОЧА-АМАЗАР; МОГОЧА — АМАЗАР;1;
ЗИЛОВО-ЖИРЕКЕН; ЗИЛОВО — ЖИРЕКЕН;1;
ХАРАНОР-ЗАБАЙКАЛЬСК; ХАРАНОР — ЗАБАЙКАЛЬСК;1;
БЕЛОГОРСК II-ЗАВИТАЯ; БЕЛОГОРСК II — ЗАВИТАЯ;1;
ЗАУДИНСКИЙ-ЗАГУСТАЙ; ЗАУДИНСКИЙ — ЗАГУСТАЙ;1;
УЛАН-УДЭ-ЗАУДИНСКИЙ; УЛАН-УДЭ — ЗАУДИНСКИЙ;1;
НИЯ-ЗВЕЗДНАЯ; НИЯ — ЗВЕЗДНАЯ;1;
ЕНИСЕЙ-ЗЛОБИНО; ЕНИСЕЙ — ЗЛОБИНО;1;
КРАСНОЯРСК-ЕНИСЕЙ; КРАСНОЯРСК — ЕНИСЕЙ;1;
ДИВНОГОРСК-ЕНИСЕЙ; ДИВНОГОРСК — ЕНИСЕЙ;1;
МЕГЕТ-ЗУЙ; МЕГЕТ — ЗУЙ;2;
ХРЕБТОВАЯ-ИГИРМА; ХРЕБТОВАЯ — ИГИРМА;1;
ОБЛУЧЬЕ-ИЗВЕСТКОВАЯ; ОБЛУЧЬЕ — ИЗВЕСТКОВАЯ;1;
НОВАЯ ЧАРА-ИКАБЬЯКАН; НОВАЯ ЧАРА — ИКАБЬЯКАН;1;
ЗАОЗЕРНАЯ-ИЛАНСКАЯ; ЗАОЗЕРНАЯ — ИЛАНСКАЯ;1;
БОЛЬШАЯ ИРБА-ИРБА; БОЛЬШАЯ ИРБА — ИРБА;1;
КУРАГИНО-ИРБА; КУРАГИНО — ИРБА;1;
МИНУСИНСК-КУРАГИНО; МИНУСИНСК — КУРАГИНО;1;
ПОДСИНИЙ-МИНУСИНСК; ПОДСИНИЙ — МИНУСИНСК;1;
АБАКАН-ПОДСИНИЙ; АБАКАН — ПОДСИНИЙ;1;
БАТАРЕЙНАЯ-ИРКУТСК-СОРТИРОВОЧНЫЙ; БАТАРЕЙНАЯ — ИРКУТСК-СОРТИРОВОЧНЫЙ;1;
МЕГЕТ-СУХОВСКАЯ; МЕГЕТ — СУХОВСКАЯ;1;
БАТАРЕЙНАЯ-МЕГЕТ; БАТАРЕЙНАЯ — МЕГЕТ;1;
ГОНЧАРОВО-ИРКУТСК-СОРТИРОВОЧНЫЙ; ГОНЧАРОВО — ИРКУТСК-СОРТИРОВОЧНЫЙ;5;
ВОЕННЫЙ ГОРОДОК-ИРКУТСК-СОРТИРОВОЧНЫЙ; ВОЕННЫЙ ГОРОДОК — ИРКУТСК-СОРТИРОВОЧНЫЙ;1;
ИРКУТСК-ПАССАЖИРСКИЙ-ВОЕННЫЙ ГОРОДОК; ИРКУТСК-ПАССАЖИРСКИЙ — ВОЕННЫЙ ГОРОДОК;1;
КАЯ-ИРКУТСК-ПАССАЖИРСКИЙ; КАЯ — ИРКУТСК-ПАССАЖИРСКИЙ;1;
ГОНЧАРОВО-КАЯ; ГОНЧАРОВО — КАЯ;2;
БОЛЬШОЙ ЛУГ-ГОНЧАРОВО; БОЛЬШОЙ ЛУГ — ГОНЧАРОВО;1;
ПЕРЕВАЛ-КАЗАНКАН; ПЕРЕВАЛ — КАЗАНКАН;1;
ТАКСИМО-КАЗАНКАН; ТАКСИМО — КАЗАНКАН;1;
РАЗЪЕЗД 557 КМ-КАНЗЫБА; РАЗЪЕЗД 557 КМ — КАНЗЫБА;1;
ЧУНОЯР-КАРАБУЛА; ЧУНОЯР — КАРАБУЛА;1;
ЧИТА I-КАРЫМСКАЯ; ЧИТА I — КАРЫМСКАЯ;1;
ПЕТРОВСКИЙ ЗАВОД-КИЖА; ПЕТРОВСКИЙ ЗАВОД — КИЖА;1;
УЯР-КИЛЬЧУГ; УЯР — КИЛЬЧУГ;3;
КУНЕРМА-КИРЕНГА; КУНЕРМА — КИРЕНГА;1;
МАЛЬТА-КИТОЙ; МАЛЬТА — КИТОЙ;1;
КАСЬЯНОВКА-МАЛЬТА; КАСЬЯНОВКА — МАЛЬТА;1;
ЧЕРЕМХОВО-КАСЬЯНОВКА; ЧЕРЕМХОВО — КАСЬЯНОВКА;1;
МАКАРЬЕВО-ЧЕРЕМХОВО; МАКАРЬЕВО — ЧЕРЕМХОВО;1;
ЗАЛАРИ-ЧЕРЕМХОВО; ЗАЛАРИ — ЧЕРЕМХОВО;1;
ЗИМА-ЗАЛАРИ; ЗИМА — ЗАЛАРИ;1;
ДУБИНИНО-КИЯ-ШАЛТЫРЬ; ДУБИНИНО — КИЯ-ШАЛТЫРЬ;1;
РЕШОТЫ-КЛЮЧИ; РЕШОТЫ — КЛЮЧИ;1;
ЮРТЫ-КЛЮЧИ; ЮРТЫ — КЛЮЧИ;1;
ДЗЕМГИ-КОМСОМОЛЬСК-НА-АМУРЕ; ДЗЕМГИ — КОМСОМОЛЬСК-НА-АМУРЕ;1;
КОМСОМОЛЬСК-НА-АМУРЕ II-КОМСОМОЛЬСК-НА-АМУРЕ; КОМСОМОЛЬСК-НА-АМУРЕ II — КОМСОМОЛЬСК-НА-АМУРЕ;1;
ЭВОРОН-КОМСОМОЛЬСК-НА-АМУРЕ II; ЭВОРОН — КОМСОМОЛЬСК-НА-АМУРЕ II;1;
СЕЛИХИН-КОМСОМОЛЬСК-НА-АМУРЕ-СОРТИРОВОЧНЫЙ; СЕЛИХИН — КОМСОМОЛЬСК-НА-АМУРЕ-СОРТИРОВОЧНЫЙ;1;
КОМСОМОЛЬСК-НА-АМУРЕ-КОМСОМОЛЬСК-НА-АМУРЕ-СОРТИРОВОЧНЫЙ; КОМСОМОЛЬСК-НА-АМУРЕ — КОМСОМОЛЬСК-НА-АМУРЕ-СОРТИРОВОЧНЫЙ;1;
МЫЛКИ-КОМСОМОЛЬСК-НА-АМУРЕ-СОРТИРОВОЧНЫЙ; МЫЛКИ — КОМСОМОЛЬСК-НА-АМУРЕ-СОРТИРОВОЧНЫЙ;1;
СЕЛЬГОН-МЫЛКИ; СЕЛЬГОН — МЫЛКИ;1;
ГИДРОСТРОИТЕЛЬ-КОРШУНИХА-АНГАРСКАЯ; ГИДРОСТРОИТЕЛЬ — КОРШУНИХА-АНГАРСКАЯ;1;
ПАДУНСКИЕ ПОРОГИ-ГИДРОСТРОИТЕЛЬ; ПАДУНСКИЕ ПОРОГИ — ГИДРОСТРОИТЕЛЬ;1;
ГАЛАЧИНСКИЙ-ПАДУНСКИЕ ПОРОГИ; ГАЛАЧИНСКИЙ — ПАДУНСКИЕ ПОРОГИ;1;
БРАТСК-ГАЛАЧИНСКИЙ; БРАТСК — ГАЛАЧИНСКИЙ;1;
БАГУЛЬНАЯ-БРАТСК; БАГУЛЬНАЯ — БРАТСК;1;
МОРГУДОН-БАГУЛЬНАЯ; МОРГУДОН — БАГУЛЬНАЯ;2;
ВИХОРЕВКА-МОРГУДОН; ВИХОРЕВКА — МОРГУДОН;1;
ГАЛАЧИНСКИЙ-МОРГУДОН; ГАЛАЧИНСКИЙ — МОРГУДОН;1;
ЩЕТИНКИНО-КОШУРНИКОВО; ЩЕТИНКИНО — КОШУРНИКОВО;1;
НАЗАРОВО-КРАСНАЯ СОПКА; НАЗАРОВО — КРАСНАЯ СОПКА;1;
УЛУЙ-НАЗАРОВО; УЛУЙ — НАЗАРОВО;1;
УЖУР-КРАСНАЯ СОПКА; УЖУР — КРАСНАЯ СОПКА;1;
АНИСИМОВКА-КРАСНОАРМЕЙСКИЙ; АНИСИМОВКА — КРАСНОАРМЕЙСКИЙ;1;
УРУЛЮНГУЙ-КРАСНОКАМЕНСК; УРУЛЮНГУЙ — КРАСНОКАМЕНСК;1;
МАРГУЦЕК-УРУЛЮНГУЙ; МАРГУЦЕК — УРУЛЮНГУЙ;1;
БАЗАИХА-КРАСНОЯРСК-ВОСТОЧНЫЙ; БАЗАИХА — КРАСНОЯРСК-ВОСТОЧНЫЙ;1;
БАЗАИХА-ЗЫКОВО; БАЗАИХА — ЗЫКОВО;1;
КРАСНОЯРСК-СЕВЕРНЫЙ-КРАСНОЯРСК-ВОСТОЧНЫЙ; КРАСНОЯРСК-СЕВЕРНЫЙ — КРАСНОЯРСК-ВОСТОЧНЫЙ;1;
БУГАЧ-КРАСНОЯРСК-СЕВЕРНЫЙ; БУГАЧ — КРАСНОЯРСК-СЕВЕРНЫЙ;1;
ЗИЛОВО-КСЕНЬЕВСКАЯ; ЗИЛОВО — КСЕНЬЕВСКАЯ;1;
СОЛЛУ-КУЗНЕЦОВСКИЙ; СОЛЛУ — КУЗНЕЦОВСКИЙ;1;
ИЗВЕСТКОВАЯ-КУЛЬДУР; ИЗВЕСТКОВАЯ — КУЛЬДУР;30;
ГУРСКОЕ-КУН; ГУРСКОЕ — КУН;1;
ЭЛЬДИГАН-КУН; ЭЛЬДИГАН — КУН;1;
ДАБАН-КУНЕРМА; ДАБАН — КУНЕРМА;1;
ЧЕРНЫШЕВСК-ЗАБАЙКАЛЬСКИЙ-КУЭНГА; ЧЕРНЫШЕВСК-ЗАБАЙКАЛЬСКИЙ — КУЭНГА;1;
СРЕТЕНСК-КУЭНГА; СРЕТЕНСК — КУЭНГА;1;
ЯКУРИМ-ЛЕНА; ЯКУРИМ — ЛЕНА;1;
ЛЕНА-ВОСТОЧНАЯ-ЯКУРИМ; ЛЕНА-ВОСТОЧНАЯ — ЯКУРИМ;1;
ХРЕБТОВАЯ-ЛЕНА; ХРЕБТОВАЯ — ЛЕНА;1;
ЧУДНИЧНЫЙ-ЛЕНА-ВОСТОЧНАЯ; ЧУДНИЧНЫЙ — ЛЕНА-ВОСТОЧНАЯ;1;
ТУРГУТУЙ-ЛЕСНАЯ; ТУРГУТУЙ — ЛЕСНАЯ;1;
АБАЛАКОВО-ЛЕСОСИБИРСК; АБАЛАКОВО — ЛЕСОСИБИРСК;1;
ТАЛДАН-МАГДАГАЧИ; ТАЛДАН — МАГДАГАЧИ;1;
ХАРАНОР-МАРГУЦЕК; ХАРАНОР — МАРГУЦЕК;1;
ХИЛОК-МОГЗОН; ХИЛОК — МОГЗОН;1;
ТУРГУТУЙ-МОГЗОН; ТУРГУТУЙ — МОГЗОН;1;
КСЕНЬЕВСКАЯ-МОГОЧА; КСЕНЬЕВСКАЯ — МОГОЧА;1;
ВЫСОКОГОРНАЯ-МОНГОХТО; ВЫСОКОГОРНАЯ — МОНГОХТО;1;
БОЛЕН-МОНИ; БОЛЕН — МОНИ;1;
УШМАН-МОШКА; УШМАН — МОШКА;1;
КРАБОВАЯ-МЫС АСТАФЬЕВА; КРАБОВАЯ — МЫС АСТАФЬЕВА;1;
РЫБНИКИ-КРАБОВАЯ; РЫБНИКИ — КРАБОВАЯ;1;
ТИХООКЕАНСКАЯ-РЫБНИКИ; ТИХООКЕАНСКАЯ — РЫБНИКИ;1;
ХАБЗАС-НАНХЧУЛ; ХАБЗАС — НАНХЧУЛ;1;
ХАРАНХОЙ-НАУШКИ; ХАРАНХОЙ — НАУШКИ;1;
КУЗНЕЦОВО-НАХОДКА; КУЗНЕЦОВО — НАХОДКА;1;
ЛОЗОВЫЙ-КУЗНЕЦОВО; ЛОЗОВЫЙ — КУЗНЕЦОВО;1;
ПАРТИЗАНСК-ЛОЗОВЫЙ; ПАРТИЗАНСК — ЛОЗОВЫЙ;1;
ХМЫЛОВСКИЙ-НАХОДКА-ВОСТОЧНАЯ; ХМЫЛОВСКИЙ — НАХОДКА-ВОСТОЧНАЯ;1;
КИРЕНГА-НЕБЕЛЬ; КИРЕНГА — НЕБЕЛЬ;1;
АЛЗАМАЙ-НИЖНЕУДИНСК; АЛЗАМАЙ — НИЖНЕУДИНСК;1;
БАЙРОНОВКА-АЛЗАМАЙ; БАЙРОНОВКА — АЛЗАМАЙ;1;
ТАЙШЕТ-БАЙРОНОВКА; ТАЙШЕТ — БАЙРОНОВКА;1;
ТАКОВКА-НИЯ; ТАКОВКА — НИЯ;1;
ТИМОНИНО-НОВАЯ ЕЛОВКА; ТИМОНИНО — НОВАЯ ЕЛОВКА;1;
АЧИНСК I-ТИМОНИНО; АЧИНСК I — ТИМОНИНО;1;
РЕШОТЫ-НОВОБИРЮСИНСКАЯ; РЕШОТЫ — НОВОБИРЮСИНСКАЯ;1;
ЛУЧКИ-НОВОКАЧАЛИНСК; ЛУЧКИ — НОВОКАЧАЛИНСК;1;
СИБИРЦЕВО-ЛУЧКИ; СИБИРЦЕВО — ЛУЧКИ;1;
ЯРОСЛАВКА-ПРИМОРСКАЯ-ЛУЧКИ; ЯРОСЛАВКА-ПРИМОРСКАЯ — ЛУЧКИ;1;
СМОЛЯНИНОВО-НОВОНЕЖИНО; СМОЛЯНИНОВО — НОВОНЕЖИНО;1;
АРСЕНЬЕВ-НОВОЧУГУЕВКА; АРСЕНЬЕВ — НОВОЧУГУЕВКА;1;
СИБИРЦЕВО-АРСЕНЬЕВ; СИБИРЦЕВО — АРСЕНЬЕВ;1;
СЕВЕРОБАЙКАЛЬСК-НОВЫЙ УОЯН; СЕВЕРОБАЙКАЛЬСК — НОВЫЙ УОЯН;1;
АНГАРАКАН-НОВЫЙ УОЯН; АНГАРАКАН — НОВЫЙ УОЯН;1;
СОЛОНИ-УРГАЛ I; СОЛОНИ — УРГАЛ I;1;
ФЕВРАЛЬСК-НОВЫЙ УРГАЛ; ФЕВРАЛЬСК — НОВЫЙ УРГАЛ;1;
АРХАРА-ОБЛУЧЬЕ; АРХАРА — ОБЛУЧЬЕ;1;
МОГОЙТУЙ-ОЛОВЯННАЯ; МОГОЙТУЙ — ОЛОВЯННАЯ;1;
БУРЯТСКАЯ-МОГОЙТУЙ; БУРЯТСКАЯ — МОГОЙТУЙ;1;
КУЗНЕЦОВСКИЙ-ОУНЭ; КУЗНЕЦОВСКИЙ — ОУНЭ;1;
КРАСНОАРМЕЙСКИЙ-ПАРТИЗАНСК; КРАСНОАРМЕЙСКИЙ — ПАРТИЗАНСК;1;
КУЛЬДУР-ПЕРЕВАЛЬНЫЙ; КУЛЬДУР — ПЕРЕВАЛЬНЫЙ;1;
ЗАВИТАЯ-ПОЯРКОВО; ЗАВИТАЯ — ПОЯРКОВО;1;
ДОСАТУЙ-ПРИАРГУНСК; ДОСАТУЙ — ПРИАРГУНСК;1;
УРУЛЮНГУЙ-ДОСАТУЙ; УРУЛЮНГУЙ — ДОСАТУЙ;1;
АЧИНСК II-ПРИГОРОДНЫЙ; АЧИНСК II — ПРИГОРОДНЫЙ;1;
КУЭНГА-ПРИИСКОВАЯ; КУЭНГА — ПРИИСКОВАЯ;1;
КОШУРНИКОВО-РАЗЪЕЗД 557 КМ; КОШУРНИКОВО — РАЗЪЕЗД 557 КМ;1;
ИРБА-РАЗЪЕЗД 557 КМ; ИРБА — РАЗЪЕЗД 557 КМ;1;
ГРОДЕКОВО-РАССЫПНАЯ ПАДЬ; ГРОДЕКОВО — РАССЫПНАЯ ПАДЬ;1;
РАССЫПНАЯ ПАДЬ-ГРОДЕКОВО (КИТАЙ); РАССЫПНАЯ ПАДЬ — ГРОДЕКОВО (КИТАЙ);1;
ИЛАНСКАЯ-РЕШОТЫ; ИЛАНСКАЯ — РЕШОТЫ;1;
ИГИРМА-РУДНОГОРСК; ИГИРМА — РУДНОГОРСК;1;
БЛОКПОСТ 1571 КМ-РУЖИНО; БЛОКПОСТ 1571 КМ — РУЖИНО;1;
ДАЛЬНЕРЕЧЕНСК I-БЛОКПОСТ 1571 КМ; ДАЛЬНЕРЕЧЕНСК I — БЛОКПОСТ 1571 КМ;1;
ЭБЕРГАРД-ДАЛЬНЕРЕЧЕНСК I; ЭБЕРГАРД — ДАЛЬНЕРЕЧЕНСК I;1;
ДАЛЬНЕРЕЧЕНСК II-БЛОКПОСТ 1571 КМ; ДАЛЬНЕРЕЧЕНСК II — БЛОКПОСТ 1571 КМ;1;
ЭБЕРГАРД-ДАЛЬНЕРЕЧЕНСК II; ЭБЕРГАРД — ДАЛЬНЕРЕЧЕНСК II;1;
ГУБЕРОВО-ЭБЕРГАРД; ГУБЕРОВО — ЭБЕРГАРД;1;
КИЛЬЧУГ-САЯНСКАЯ; КИЛЬЧУГ — САЯНСКАЯ;1;
СПАССК-ДАЛЬНИЙ-СИБИРЦЕВО; СПАССК-ДАЛЬНИЙ — СИБИРЦЕВО;1;
ШМАКОВКА-СПАССК-ДАЛЬНИЙ; ШМАКОВКА — СПАССК-ДАЛЬНИЙ;1;
РУЖИНО-ШМАКОВКА; РУЖИНО — ШМАКОВКА;1;
СЛЮДЯНКА I-СЛЮДЯНКА II; СЛЮДЯНКА I — СЛЮДЯНКА II;1;
ШКОТОВО-СМОЛЯНИНОВО; ШКОТОВО — СМОЛЯНИНОВО;1;
ПЕТРОВКА-СМОЛЯНИНОВО; ПЕТРОВКА — СМОЛЯНИНОВО;1;
БОЛЬШОЙ КАМЕНЬ-ПЕТРОВКА; БОЛЬШОЙ КАМЕНЬ — ПЕТРОВКА;1;
СТРЕЛКОВАЯ-ПЕТРОВКА; СТРЕЛКОВАЯ — ПЕТРОВКА;1;
ДУНАЙ-СТРЕЛКОВАЯ; ДУНАЙ — СТРЕЛКОВАЯ;1;
СОВЕТСКАЯ ГАВАНЬ-СОРТИРОВОЧНАЯ-СОВЕТСКАЯ ГАВАНЬ- ГОРОД; СОВЕТСКАЯ ГАВАНЬ-СОРТИРОВОЧНАЯ — СОВЕТСКАЯ ГАВАНЬ- ГОРОД;1;
ВАНИНО-СОВЕТСКАЯ ГАВАНЬ-СОРТИРОВОЧНАЯ; ВАНИНО — СОВЕТСКАЯ ГАВАНЬ-СОРТИРОВОЧНАЯ;1;
ВЫСОКОГОРНАЯ-СОЛЛУ; ВЫСОКОГОРНАЯ — СОЛЛУ;1;
УРУЛЬГА-СОЛНЦЕВАЯ; УРУЛЬГА — СОЛНЦЕВАЯ;1;
ТАРСКАЯ-УРУЛЬГА; ТАРСКАЯ — УРУЛЬГА;1;
КАРЫМСКАЯ-ТАРСКАЯ; КАРЫМСКАЯ — ТАРСКАЯ;1;
БОРЗЯ-СОЛОВЬЕВСК; БОРЗЯ — СОЛОВЬЕВСК;1;
ДУССЕ-АЛИНЬ-СОЛОНИ; ДУССЕ-АЛИНЬ — СОЛОНИ;1;
ПОСТЫШЕВО-СУЛУК; ПОСТЫШЕВО — СУЛУК;1;
БАМБУРОВО-СУХАНОВКА; БАМБУРОВО — СУХАНОВКА;1;
БЛЮХЕР-БАМБУРОВО; БЛЮХЕР — БАМБУРОВО;1;
ЗУЙ-СУХОВСКАЯ; ЗУЙ — СУХОВСКАЯ;1;
СУХОВСКАЯ-ЮЖНАЯ-СУХОВСКАЯ; СУХОВСКАЯ-ЮЖНАЯ — СУХОВСКАЯ;1;
АНГАРСК-СУХОВСКАЯ; АНГАРСК — СУХОВСКАЯ;1;
АНГАРСК-СУХОВСКАЯ-ЮЖНАЯ; АНГАРСК — СУХОВСКАЯ-ЮЖНАЯ;2;
КИТОЙ-АНГАРСК; КИТОЙ — АНГАРСК;1;
КИТОЙ-КОМБИНАТСКАЯ-КИТОЙ; КИТОЙ-КОМБИНАТСКАЯ — КИТОЙ;1;
НОВАЯ ЧАРА-СЮЛЬБАН; НОВАЯ ЧАРА — СЮЛЬБАН;1;
ИРБЕЙСКАЯ-ТАГУЛ; ИРБЕЙСКАЯ — ТАГУЛ;1;
САЯНСКАЯ-ИРБЕЙСКАЯ; САЯНСКАЯ — ИРБЕЙСКАЯ;1;
ТАГУЛ-ТАЙШЕТ; ТАГУЛ — ТАЙШЕТ;1;
НЕБЕЛЬ-ТАКОВКА; НЕБЕЛЬ — ТАКОВКА;1;
КУАНДА-ТАКСИМО; КУАНДА — ТАКСИМО;1;
БАЛБУХТА-КУАНДА; БАЛБУХТА — КУАНДА;1;
ПЕРЕВАЛЬНЫЙ-ТАЛАНДЖА; ПЕРЕВАЛЬНЫЙ — ТАЛАНДЖА;1;
БОЛЬШОЙ НЕВЕР-ТАЛДАН; БОЛЬШОЙ НЕВЕР — ТАЛДАН;1;
СКОВОРОДИНО-БОЛЬШОЙ НЕВЕР; СКОВОРОДИНО — БОЛЬШОЙ НЕВЕР;1;
ЧЕРНОГОРСКИЕ КОПИ-ТАШЕБА; ЧЕРНОГОРСКИЕ КОПИ — ТАШЕБА;1;
ТИГЕЙ-ТАШЕБА; ТИГЕЙ — ТАШЕБА;1;
ХОНЫХ-ТИГЕЙ; ХОНЫХ — ТИГЕЙ;1;
КАМЫШТА-ХОНЫХ; КАМЫШТА — ХОНЫХ;1;
АСКИЗ-КАМЫШТА; АСКИЗ — КАМЫШТА;1;
ОРОСИТЕЛЬНЫЙ-ХОНЫХ; ОРОСИТЕЛЬНЫЙ — ХОНЫХ;2;
БИСКАМЖА-ТЕЯ; БИСКАМЖА — ТЕЯ;1;
СОН-ТИСИН; СОН — ТИСИН;1;
ТУМАННЫЙ-СОН; ТУМАННЫЙ — СОН;1;
ЕРБИНСКАЯ-ТУМАННЫЙ; ЕРБИНСКАЯ — ТУМАННЫЙ;1;
ТИХООКЕАНСКАЯ-НАХОДКА; ТИХООКЕАНСКАЯ — НАХОДКА;1;
МОНГОХТО-ТОКИ; МОНГОХТО — ТОКИ;1;
ТАЙШЕТ-ТОРЕЯ; ТАЙШЕТ — ТОРЕЯ;30;
ТУШАМА-ТУБИНСКАЯ; ТУШАМА — ТУБИНСКАЯ;1;
АЗЕЙ-ТУЛУН; АЗЕЙ — ТУЛУН;1;
КУЙТУН-АЗЕЙ; КУЙТУН — АЗЕЙ;1;
ПЕРЕВОЗ-КУЙТУН; ПЕРЕВОЗ — КУЙТУН;1;
ЗИМА-ПЕРЕВОЗ; ЗИМА — ПЕРЕВОЗ;1;
УДА II-ТУЛУН; УДА II — ТУЛУН;1;
НИЖНЕУДИНСК-УДА II; НИЖНЕУДИНСК — УДА II;1;
ОРОСИТЕЛЬНЫЙ-ЕРБИНСКАЯ; ОРОСИТЕЛЬНЫЙ — ЕРБИНСКАЯ;1;
ТИГЕЙ-ОРОСИТЕЛЬНЫЙ; ТИГЕЙ — ОРОСИТЕЛЬНЫЙ;1;
ТОРЕЯ-ТУРМА; ТОРЕЯ — ТУРМА;1;
РУДНОГОРСК-ТУШАМА; РУДНОГОРСК — ТУШАМА;1;
КУВЫКТА-ТЫНДА; КУВЫКТА — ТЫНДА;1;
ЛОПЧА-КУВЫКТА; ЛОПЧА — КУВЫКТА;1;
ЮКТАЛИ-ЛОПЧА; ЮКТАЛИ — ЛОПЧА;1;
ТАЛАНДЖА-ТЫРМА; ТАЛАНДЖА — ТЫРМА;1;
МОШКА-ТЫРМА; МОШКА — ТЫРМА;1;
СЕВЕРОБАЙКАЛЬСК-ТЫЯ; СЕВЕРОБАЙКАЛЬСК — ТЫЯ;1;
АМУРСКИЙ ЗАЛИВ-УГОЛЬНАЯ; АМУРСКИЙ ЗАЛИВ — УГОЛЬНАЯ;1;
УГЛОВАЯ-УГОЛЬНАЯ; УГЛОВАЯ — УГОЛЬНАЯ;2;
ТИСИН-УЖУР; ТИСИН — УЖУР;1;
МЫСОВАЯ-УЛАН-УДЭ; МЫСОВАЯ — УЛАН-УДЭ;1;
БАЙКАЛЬСК-МЫСОВАЯ; БАЙКАЛЬСК — МЫСОВАЯ;1;
СЛЮДЯНКА I-БАЙКАЛЬСК; СЛЮДЯНКА I — БАЙКАЛЬСК;1;
ПРИГОРОДНЫЙ-УЛУЙ; ПРИГОРОДНЫЙ — УЛУЙ;1;
ЕРОФЕЙ ПАВЛОВИЧ-УРУША; ЕРОФЕЙ ПАВЛОВИЧ — УРУША;1;
ДУБИНИНСКИЙ-УССУРИЙСК; ДУБИНИНСКИЙ — УССУРИЙСК;1;
СИБИРЦЕВО-ДУБИНИНСКИЙ; СИБИРЦЕВО — ДУБИНИНСКИЙ;1;
ВОЗДВИЖЕНСКИЙ-ДУБИНИНСКИЙ; ВОЗДВИЖЕНСКИЙ — ДУБИНИНСКИЙ;3;
ДИАБАЗОВЫЙ-УСТЬ-ИЛИМСК; ДИАБАЗОВЫЙ — УСТЬ-ИЛИМСК;1;
ЯГДЫНЬЯ-УШМАН; ЯГДЫНЬЯ — УШМАН;1;
АБАЗА-АСКИЗ; АБАЗА — АСКИЗ;1;
АБАКАН-ТАШЕБА; АБАКАН — ТАШЕБА;1;
АБАЛАКОВО-СУРИКОВО; АБАЛАКОВО — СУРИКОВО;1;
СУРИКОВО-ТИМОНИНО; СУРИКОВО — ТИМОНИНО;1;
АНГАРАКАН-КАЗАНКАН; АНГАРАКАН — КАЗАНКАН;1;
АНГАРАКАН-ПЕРЕВАЛ; АНГАРАКАН — ПЕРЕВАЛ;2;
АНДРИАНОВСКАЯ-АНГАСОЛКА; АНДРИАНОВСКАЯ — АНГАСОЛКА;1;
АНГАСОЛКА-СЛЮДЯНКА II; АНГАСОЛКА — СЛЮДЯНКА II;1;
СЛЮДЯНКА II-КУЛТУК; СЛЮДЯНКА II — КУЛТУК;1;
КУЛТУК-БАЙКАЛ; КУЛТУК — БАЙКАЛ;1;
АНИСИМОВКА-НОВОНЕЖИНО; АНИСИМОВКА — НОВОНЕЖИНО;1;
АРХАРА-БУРЕЯ; АРХАРА — БУРЕЯ;1;
АЧИНСК I-ЗЕРЦАЛЫ; АЧИНСК I — ЗЕРЦАЛЫ;1;
ЗЕРЦАЛЫ-БОГОТОЛ; ЗЕРЦАЛЫ — БОГОТОЛ;1;
АЧИНСК II-АЧИНСК I; АЧИНСК II — АЧИНСК I;1;
БАЗАИХА-ЗЛОБИНО; БАЗАИХА — ЗЛОБИНО;1;
БАЛБУХТА-СЮЛЬБАН; БАЛБУХТА — СЮЛЬБАН;1;
БАМБУРОВО-ПРИМОРСКАЯ; БАМБУРОВО — ПРИМОРСКАЯ;1;
ПРИМОРСКАЯ-БАРАНОВСКИЙ; ПРИМОРСКАЯ — БАРАНОВСКИЙ;1;
БЕЛОГОРСК-ЛЕДЯНАЯ; БЕЛОГОРСК — ЛЕДЯНАЯ;1;
ЛЕДЯНАЯ-ШИМАНОВСКАЯ; ЛЕДЯНАЯ — ШИМАНОВСКАЯ;1;
БЕЛОГОРСК II-БЕЛОГОРСК; БЕЛОГОРСК II — БЕЛОГОРСК;1;
БЕРКАКИТ-БЕСТУЖЕВО; БЕРКАКИТ — БЕСТУЖЕВО;1;
БЕСТУЖЕВО-ШАХТАУМ; БЕСТУЖЕВО — ШАХТАУМ;1;
ШАХТАУМ-ТЫНДА; ШАХТАУМ — ТЫНДА;1;
БЕРКАКИТ-НЕРЮНГРИ-ПАССАЖИРСКАЯ; БЕРКАКИТ — НЕРЮНГРИ-ПАССАЖИРСКАЯ;1;
НЕРЮНГРИ-ПАССАЖИРСКАЯ-НЕРЮНГРИ-ГРУЗОВАЯ; НЕРЮНГРИ-ПАССАЖИРСКАЯ — НЕРЮНГРИ-ГРУЗОВАЯ;1;
БИКИН-РОЗЕНГАРТОВКА; БИКИН — РОЗЕНГАРТОВКА;1;
РОЗЕНГАРТОВКА-ВЯЗЕМСКАЯ; РОЗЕНГАРТОВКА — ВЯЗЕМСКАЯ;1;
ВЯЗЕМСКАЯ-КРУГЛИКОВО; ВЯЗЕМСКАЯ — КРУГЛИКОВО;1;
КРУГЛИКОВО-ХАБАРОВСК II; КРУГЛИКОВО — ХАБАРОВСК II;1;
БИСКАМЖА-НАНХЧУЛ; БИСКАМЖА — НАНХЧУЛ;1;
БИСКАМЖА-МЕЖДУРЕЧЕНСК; БИСКАМЖА — МЕЖДУРЕЧЕНСК;1;
БЛАГОВЕЩЕНСК-БЕЛОГОРСК; БЛАГОВЕЩЕНСК — БЕЛОГОРСК;1;
БЛОКПОСТ 197 КМ-ОУНЭ; БЛОКПОСТ 197 КМ — ОУНЭ;1;
БОГОТОЛ-МАРИИНСК; БОГОТОЛ — МАРИИНСК;1;
БОЛЕН-ПОСТЫШЕВО; БОЛЕН — ПОСТЫШЕВО;1;
БОЛЬШОЙ ЛУГ-АНДРИАНОВСКАЯ; БОЛЬШОЙ ЛУГ — АНДРИАНОВСКАЯ;1;
БОРЗЯ-ЗУН-ТОРЕЙ; БОРЗЯ — ЗУН-ТОРЕЙ;1;
ЗУН-ТОРЕЙ-ШАХТЕРСКАЯ; ЗУН-ТОРЕЙ — ШАХТЕРСКАЯ;1;
ШАХТЕРСКАЯ-ЯСНОГОРСК-ЗАБАЙКАЛЬСКИЙ; ШАХТЕРСКАЯ — ЯСНОГОРСК-ЗАБАЙКАЛЬСКИЙ;1;
ЯСНОГОРСК-ЗАБАЙКАЛЬСКИЙ-ОЛОВЯННАЯ; ЯСНОГОРСК-ЗАБАЙКАЛЬСКИЙ — ОЛОВЯННАЯ;1;
БУГАЧ-ЧЕРНОРЕЧЕНСКАЯ; БУГАЧ — ЧЕРНОРЕЧЕНСКАЯ;1;
БУГАЧ-КРАСНОЯРСК; БУГАЧ — КРАСНОЯРСК;2;
БУРЕЯ-ЗАВИТАЯ; БУРЕЯ — ЗАВИТАЯ;1;
БУРЯТСКАЯ-АДРИАНОВКА; БУРЯТСКАЯ — АДРИАНОВКА;1;
АДРИАНОВКА-ТАРСКАЯ; АДРИАНОВКА — ТАРСКАЯ;1;
ВАНИНО-ТОКИ; ВАНИНО — ТОКИ;1;
ВЕРХНЕЗЕЙСК-ДИПКУН; ВЕРХНЕЗЕЙСК — ДИПКУН;1;
ДИПКУН-БЕСТУЖЕВО; ДИПКУН — БЕСТУЖЕВО;1;
ВИХОРЕВКА-ТУРМА; ВИХОРЕВКА — ТУРМА;1;
ВЛАДИВОСТОК-ПЕРВАЯ РЕЧКА; ВЛАДИВОСТОК — ПЕРВАЯ РЕЧКА;1;
ЗАОЗЕРНАЯ-УЯР; ЗАОЗЕРНАЯ — УЯР;1;
ЗЫКОВО-УЯР; ЗЫКОВО — УЯР;1;
КРАСНОЯРСК-ВОСТОЧНЫЙ-ЗЫКОВО; КРАСНОЯРСК-ВОСТОЧНЫЙ — ЗЫКОВО;1;
ВЕРХНЕЗЕЙСК-ФЕВРАЛЬСК; ВЕРХНЕЗЕЙСК — ФЕВРАЛЬСК;1;
ХАБАРОВСК I-ХАБАРОВСК II; ХАБАРОВСК I — ХАБАРОВСК II;1;
АСКИЗ-ХАБЗАС; АСКИЗ — ХАБЗАС;1;
ИКАБЬЯКАН-ХАНИ; ИКАБЬЯКАН — ХАНИ;1;
БОРЗЯ-ХАРАНОР; БОРЗЯ — ХАРАНОР;1;
ГУСИНОЕ ОЗЕРО-ХАРАНХОЙ; ГУСИНОЕ ОЗЕРО — ХАРАНХОЙ;1;
ЗАГУСТАЙ-ГУСИНОЕ ОЗЕРО; ЗАГУСТАЙ — ГУСИНОЕ ОЗЕРО;1;
МАХАЛИНО-ХАСАН; МАХАЛИНО — ХАСАН;1;
ГВОЗДЕВО-МАХАЛИНО; ГВОЗДЕВО — МАХАЛИНО;1;
КАМЫШОВАЯ-МАХАЛИНО; КАМЫШОВАЯ — МАХАЛИНО;1;
ПОСЬЕТ-ГВОЗДЕВО; ПОСЬЕТ — ГВОЗДЕВО;1;
ЖИПХЕГЕН-ХИЛОК; ЖИПХЕГЕН — ХИЛОК;1;
ПЕТРОВСКИЙ ЗАВОД-ЖИПХЕГЕН; ПЕТРОВСКИЙ ЗАВОД — ЖИПХЕГЕН;1;
НАХОДКА-ХМЫЛОВСКИЙ; НАХОДКА — ХМЫЛОВСКИЙ;1;
БУРЕЯ-ХОЛОДНЫЙ КЛЮЧ; БУРЕЯ — ХОЛОДНЫЙ КЛЮЧ;1;
КОРШУНИХА-АНГАРСКАЯ-ХРЕБТОВАЯ; КОРШУНИХА-АНГАРСКАЯ — ХРЕБТОВАЯ;1;
УРГАЛ I-ЧЕГДОМЫН; УРГАЛ I — ЧЕГДОМЫН;1;
ГОРХОН-ЧЕЛУТАЙ; ГОРХОН — ЧЕЛУТАЙ;1;
ТАЛЬЦЫ-ЗАУДИНСКИЙ; ТАЛЬЦЫ — ЗАУДИНСКИЙ;1;
ТАЛЬЦЫ-ЧЕЛУТАЙ; ТАЛЬЦЫ — ЧЕЛУТАЙ;1;
АЧИНСК I-ЧЕРНОРЕЧЕНСКАЯ; АЧИНСК I — ЧЕРНОРЕЧЕНСКАЯ;1;
ЖИРЕКЕН-ЧЕРНЫШЕВСК-ЗАБАЙКАЛЬСКИЙ; ЖИРЕКЕН — ЧЕРНЫШЕВСК-ЗАБАЙКАЛЬСКИЙ;1;
КАДАЛА-ЧИТА I; КАДАЛА — ЧИТА I;1;
ЛЕСНАЯ-КАДАЛА; ЛЕСНАЯ — КАДАЛА;1;
ГОЛУБИЧНАЯ-ЛЕСНАЯ; ГОЛУБИЧНАЯ — ЛЕСНАЯ;1;
ЗВЕЗДНАЯ-ЧУДНИЧНЫЙ; ЗВЕЗДНАЯ — ЧУДНИЧНЫЙ;1;
НОВОБИРЮСИНСКАЯ-ЧУНОЯР; НОВОБИРЮСИНСКАЯ — ЧУНОЯР;1;
БАЗЫР-ШАРЫПОВО; БАЗЫР — ШАРЫПОВО;1;
ПРИИСКОВАЯ-ШИЛКА-ПАССАЖИРСКАЯ; ПРИИСКОВАЯ — ШИЛКА-ПАССАЖИРСКАЯ;1;
ШИЛКА-ПАССАЖИРСКАЯ-ШИЛКА-ТОВАРНАЯ; ШИЛКА-ПАССАЖИРСКАЯ — ШИЛКА-ТОВАРНАЯ;1;
СОЛНЦЕВАЯ-ШИЛКА-ТОВАРНАЯ; СОЛНЦЕВАЯ — ШИЛКА-ТОВАРНАЯ;1;
УШУМУН-ШИМАНОВСКАЯ; УШУМУН — ШИМАНОВСКАЯ;1;
МАГДАГАЧИ-УШУМУН; МАГДАГАЧИ — УШУМУН;1;
АРТЕМ-ПРИМОРСКИЙ III-ШКОТОВО; АРТЕМ-ПРИМОРСКИЙ III — ШКОТОВО;1;
АРТЕМ-ПРИМОРСКИЙ I-АРТЕМ-ПРИМОРСКИЙ III; АРТЕМ-ПРИМОРСКИЙ I — АРТЕМ-ПРИМОРСКИЙ III;1;
УГЛОВАЯ-АРТЕМ-ПРИМОРСКИЙ I; УГЛОВАЯ — АРТЕМ-ПРИМОРСКИЙ I;1;
АМУРСКИЙ ЗАЛИВ-УГЛОВАЯ; АМУРСКИЙ ЗАЛИВ — УГЛОВАЯ;1;
НАДЕЖДИНСКАЯ-АМУРСКИЙ ЗАЛИВ; НАДЕЖДИНСКАЯ — АМУРСКИЙ ЗАЛИВ;1;
БАРАНОВСКИЙ-НАДЕЖДИНСКАЯ; БАРАНОВСКИЙ — НАДЕЖДИНСКАЯ;1;
УССУРИЙСК-БАРАНОВСКИЙ; УССУРИЙСК — БАРАНОВСКИЙ;1;
ТЫНДА-ШТУРМ; ТЫНДА — ШТУРМ;1;
ШАРЫПОВО-ШУШЬ; ШАРЫПОВО — ШУШЬ;1;
КРАСНАЯ СОПКА-ШУШЬ; КРАСНАЯ СОПКА — ШУШЬ;1;
САЯНСКАЯ-ЩЕТИНКИНО; САЯНСКАЯ — ЩЕТИНКИНО;2;
МОНИ-ЭВОРОН; МОНИ — ЭВОРОН;1;
СЕЛИХИН-ЭЛЬДИГАН; СЕЛИХИН — ЭЛЬДИГАН;1;
ОЛЕКМА-ЮКТАЛИ; ОЛЕКМА — ЮКТАЛИ;1;
ХАНИ-ОЛЕКМА; ХАНИ — ОЛЕКМА;1;
ТАЙШЕТ-ЮРТЫ; ТАЙШЕТ — ЮРТЫ;1;
ЭЛЬГА-ЯГДЫНЬЯ; ЭЛЬГА — ЯГДЫНЬЯ;1;
АДНИКАН-ЭЛЬГА; АДНИКАН — ЭЛЬГА;1;
НОВЫЙ УРГАЛ-АДНИКАН; НОВЫЙ УРГАЛ — АДНИКАН;1;
БИРА-ИЗВЕСТКОВАЯ; БИРА — ИЗВЕСТКОВАЯ;1;
БИРОБИДЖАН I-БИРА; БИРОБИДЖАН I — БИРА;1;
ВОЛОЧАЕВКА I-БИРОБИДЖАН I; ВОЛОЧАЕВКА I — БИРОБИДЖАН I;1;
БИРОБИДЖАН II-БИРОБИДЖАН I; БИРОБИДЖАН II — БИРОБИДЖАН I;1;
БИРОФЕЛЬД-БИРОБИДЖАН II; БИРОФЕЛЬД — БИРОБИДЖАН II;1;
ЛЕНИНСК-БИРОФЕЛЬД; ЛЕНИНСК — БИРОФЕЛЬД;1;
ТУНГУССКИЙ-ВОЛОЧАЕВКА I; ТУНГУССКИЙ — ВОЛОЧАЕВКА I;1;
ВОЛОЧАЕВКА II-ТУНГУССКИЙ; ВОЛОЧАЕВКА II — ТУНГУССКИЙ;1;
ДЕЖНЕВКА-ТУНГУССКИЙ; ДЕЖНЕВКА — ТУНГУССКИЙ;1;
ПРИАМУРСКАЯ-ДЕЖНЕВКА; ПРИАМУРСКАЯ — ДЕЖНЕВКА;1;
ПОСТ-ПОКРОВСКИЙ-ПРИАМУРСКАЯ; ПОСТ-ПОКРОВСКИЙ — ПРИАМУРСКАЯ;1;
АМУР-ПОСТ-ПОКРОВСКИЙ; АМУР — ПОСТ-ПОКРОВСКИЙ;1;
ПОКРОВКА-ПРИСТАНЬ-ПОСТ-ПОКРОВСКИЙ; ПОКРОВКА-ПРИСТАНЬ — ПОСТ-ПОКРОВСКИЙ;1;
ХАБАРОВСК I-АМУР; ХАБАРОВСК I — АМУР;1;
ДЕЖНЕВКА-ВОЛОЧАЕВКА II; ДЕЖНЕВКА — ВОЛОЧАЕВКА II;2;
БАМОВСКАЯ-УРУША; БАМОВСКАЯ — УРУША;1;
ГОРЕЛЫЙ-БАМОВСКАЯ; ГОРЕЛЫЙ — БАМОВСКАЯ;1;
СКОВОРОДИНО-ГОРЕЛЫЙ; СКОВОРОДИНО — ГОРЕЛЫЙ;1;
ШТУРМ-ГОРЕЛЫЙ; ШТУРМ — ГОРЕЛЫЙ;1;
РЕЙНОВО-СКОВОРОДИНО; РЕЙНОВО — СКОВОРОДИНО;1;
ПЕРВАЯ РЕЧКА-ВТОРАЯ РЕЧКА; ПЕРВАЯ РЕЧКА — ВТОРАЯ РЕЧКА;1;
ВЛАДИВОСТОК-ГАЙДАМАК; ВЛАДИВОСТОК — ГАЙДАМАК;2;
ВОЛОЧАЕВКА II-СЕЛЬГОН; ВОЛОЧАЕВКА II — СЕЛЬГОН;30;
ВТОРАЯ РЕЧКА-УГОЛЬНАЯ; ВТОРАЯ РЕЧКА — УГОЛЬНАЯ;1;
ВТОРАЯ РЕЧКА-ГАЙДАМАК; ВТОРАЯ РЕЧКА — ГАЙДАМАК;1;
ГАЙДАМАК-МЫС-ЧУРКИН; ГАЙДАМАК — МЫС-ЧУРКИН;1;
ПЕРВАЯ РЕЧКА-ГАЙДАМАК; ПЕРВАЯ РЕЧКА — ГАЙДАМАК;1;
ВЫСОКОГОРНАЯ-БЛОКПОСТ 197 КМ; ВЫСОКОГОРНАЯ — БЛОКПОСТ 197 КМ;1;
ГВОЗДЕВО-СУХАНОВКА; ГВОЗДЕВО — СУХАНОВКА;1;
ГОРХОН-КИЖА; ГОРХОН — КИЖА;1;
ГРОДЕКОВО-ГРОДЕКОВО II; ГРОДЕКОВО — ГРОДЕКОВО II;1;
ГРОДЕКОВО II-ВОЗДВИЖЕНСКИЙ; ГРОДЕКОВО II — ВОЗДВИЖЕНСКИЙ;1;
ВОЗДВИЖЕНСКИЙ-УССУРИЙСК; ВОЗДВИЖЕНСКИЙ — УССУРИЙСК;1;
ГУБЕРОВО-ЛУЧЕГОРСК; ГУБЕРОВО — ЛУЧЕГОРСК;1;
ЛУЧЕГОРСК-БИКИН; ЛУЧЕГОРСК — БИКИН;1;
ГУРСКОЕ-ОУНЭ; ГУРСКОЕ — ОУНЭ;1;
ДАБАН-ТЫЯ; ДАБАН — ТЫЯ;1;
ДИАБАЗОВЫЙ-ТУБИНСКАЯ; ДИАБАЗОВЫЙ — ТУБИНСКАЯ;1;
ДУБИНИНО-ШУШЬ; ДУБИНИНО — ШУШЬ;1;
ДУССЕ-АЛИНЬ-СУЛУК; ДУССЕ-АЛИНЬ — СУЛУК;1;
ЕРОФЕЙ ПАВЛОВИЧ-АМАЗАР; ЕРОФЕЙ ПАВЛОВИЧ — АМАЗАР;1;
АМАЗАР-МОГОЧА; АМАЗАР — МОГОЧА;1;
ЖИРЕКЕН-ЗИЛОВО; ЖИРЕКЕН — ЗИЛОВО;1;
ЗАБАЙКАЛЬСК-ХАРАНОР; ЗАБАЙКАЛЬСК — ХАРАНОР;1;
ЗАВИТАЯ-БЕЛОГОРСК II; ЗАВИТАЯ — БЕЛОГОРСК II;1;
ЗАГУСТАЙ-ЗАУДИНСКИЙ; ЗАГУСТАЙ — ЗАУДИНСКИЙ;1;
ЗАУДИНСКИЙ-УЛАН-УДЭ; ЗАУДИНСКИЙ — УЛАН-УДЭ;1;
ЗВЕЗДНАЯ-НИЯ; ЗВЕЗДНАЯ — НИЯ;1;
ЗЛОБИНО-ЕНИСЕЙ; ЗЛОБИНО — ЕНИСЕЙ;1;
ЕНИСЕЙ-КРАСНОЯРСК; ЕНИСЕЙ — КРАСНОЯРСК;1;
ЕНИСЕЙ-ДИВНОГОРСК; ЕНИСЕЙ — ДИВНОГОРСК;1;
ЗУЙ-МЕГЕТ; ЗУЙ — МЕГЕТ;1;
ИГИРМА-ХРЕБТОВАЯ; ИГИРМА — ХРЕБТОВАЯ;1;
ИЗВЕСТКОВАЯ-ОБЛУЧЬЕ; ИЗВЕСТКОВАЯ — ОБЛУЧЬЕ;1;
ИКАБЬЯКАН-НОВАЯ ЧАРА; ИКАБЬЯКАН — НОВАЯ ЧАРА;1;
ИЛАНСКАЯ-ЗАОЗЕРНАЯ; ИЛАНСКАЯ — ЗАОЗЕРНАЯ;1;
ИРБА-БОЛЬШАЯ ИРБА; ИРБА — БОЛЬШАЯ ИРБА;1;
ИРБА-КУРАГИНО; ИРБА — КУРАГИНО;1;
КУРАГИНО-МИНУСИНСК; КУРАГИНО — МИНУСИНСК;1;
МИНУСИНСК-ПОДСИНИЙ; МИНУСИНСК — ПОДСИНИЙ;1;
ПОДСИНИЙ-АБАКАН; ПОДСИНИЙ — АБАКАН;1;
ИРКУТСК-СОРТИРОВОЧНЫЙ-БАТАРЕЙНАЯ; ИРКУТСК-СОРТИРОВОЧНЫЙ — БАТАРЕЙНАЯ;1;
СУХОВСКАЯ-МЕГЕТ; СУХОВСКАЯ — МЕГЕТ;1;
МЕГЕТ-БАТАРЕЙНАЯ; МЕГЕТ — БАТАРЕЙНАЯ;1;
ИРКУТСК-СОРТИРОВОЧНЫЙ-ГОНЧАРОВО; ИРКУТСК-СОРТИРОВОЧНЫЙ — ГОНЧАРОВО;1;
ИРКУТСК-СОРТИРОВОЧНЫЙ-ВОЕННЫЙ ГОРОДОК; ИРКУТСК-СОРТИРОВОЧНЫЙ — ВОЕННЫЙ ГОРОДОК;2;
ВОЕННЫЙ ГОРОДОК-ИРКУТСК-ПАССАЖИРСКИЙ; ВОЕННЫЙ ГОРОДОК — ИРКУТСК-ПАССАЖИРСКИЙ;1;
ИРКУТСК-ПАССАЖИРСКИЙ-КАЯ; ИРКУТСК-ПАССАЖИРСКИЙ — КАЯ;1;
КАЯ-ГОНЧАРОВО; КАЯ — ГОНЧАРОВО;1;
ГОНЧАРОВО-БОЛЬШОЙ ЛУГ; ГОНЧАРОВО — БОЛЬШОЙ ЛУГ;1;
КАЗАНКАН-ПЕРЕВАЛ; КАЗАНКАН — ПЕРЕВАЛ;2;
КАЗАНКАН-ТАКСИМО; КАЗАНКАН — ТАКСИМО;1;
КАНЗЫБА-РАЗЪЕЗД 557 КМ; КАНЗЫБА — РАЗЪЕЗД 557 КМ;1;
КАРАБУЛА-ЧУНОЯР; КАРАБУЛА — ЧУНОЯР;1;
КАРЫМСКАЯ-ЧИТА I; КАРЫМСКАЯ — ЧИТА I;1;
КИЖА-ПЕТРОВСКИЙ ЗАВОД; КИЖА — ПЕТРОВСКИЙ ЗАВОД;1;
КИЛЬЧУГ-УЯР; КИЛЬЧУГ — УЯР;1;
КИРЕНГА-КУНЕРМА; КИРЕНГА — КУНЕРМА;1;
КИТОЙ-МАЛЬТА; КИТОЙ — МАЛЬТА;1;
МАЛЬТА-КАСЬЯНОВКА; МАЛЬТА — КАСЬЯНОВКА;1;
КАСЬЯНОВКА-ЧЕРЕМХОВО; КАСЬЯНОВКА — ЧЕРЕМХОВО;1;
ЧЕРЕМХОВО-МАКАРЬЕВО; ЧЕРЕМХОВО — МАКАРЬЕВО;1;
ЧЕРЕМХОВО-ЗАЛАРИ; ЧЕРЕМХОВО — ЗАЛАРИ;1;
ЗАЛАРИ-ЗИМА; ЗАЛАРИ — ЗИМА;1;
КИЯ-ШАЛТЫРЬ-ДУБИНИНО; КИЯ-ШАЛТЫРЬ — ДУБИНИНО;1;
КЛЮЧИ-РЕШОТЫ; КЛЮЧИ — РЕШОТЫ;1;
КЛЮЧИ-ЮРТЫ; КЛЮЧИ — ЮРТЫ;1;
КОМСОМОЛЬСК-НА-АМУРЕ-ДЗЕМГИ; КОМСОМОЛЬСК-НА-АМУРЕ — ДЗЕМГИ;1;
КОМСОМОЛЬСК-НА-АМУРЕ-КОМСОМОЛЬСК-НА-АМУРЕ II; КОМСОМОЛЬСК-НА-АМУРЕ — КОМСОМОЛЬСК-НА-АМУРЕ II;1;
КОМСОМОЛЬСК-НА-АМУРЕ II-ЭВОРОН; КОМСОМОЛЬСК-НА-АМУРЕ II — ЭВОРОН;1;
КОМСОМОЛЬСК-НА-АМУРЕ-СОРТИРОВОЧНЫЙ-СЕЛИХИН; КОМСОМОЛЬСК-НА-АМУРЕ-СОРТИРОВОЧНЫЙ — СЕЛИХИН;1;
КОМСОМОЛЬСК-НА-АМУРЕ-СОРТИРОВОЧНЫЙ-КОМСОМОЛЬСК-НА-АМУРЕ; КОМСОМОЛЬСК-НА-АМУРЕ-СОРТИРОВОЧНЫЙ — КОМСОМОЛЬСК-НА-АМУРЕ;30;
КОМСОМОЛЬСК-НА-АМУРЕ-СОРТИРОВОЧНЫЙ-МЫЛКИ; КОМСОМОЛЬСК-НА-АМУРЕ-СОРТИРОВОЧНЫЙ — МЫЛКИ;1;
МЫЛКИ-СЕЛЬГОН; МЫЛКИ — СЕЛЬГОН;1;
КОРШУНИХА-АНГАРСКАЯ-ГИДРОСТРОИТЕЛЬ; КОРШУНИХА-АНГАРСКАЯ — ГИДРОСТРОИТЕЛЬ;1;
ГИДРОСТРОИТЕЛЬ-ПАДУНСКИЕ ПОРОГИ; ГИДРОСТРОИТЕЛЬ — ПАДУНСКИЕ ПОРОГИ;1;
ПАДУНСКИЕ ПОРОГИ-ГАЛАЧИНСКИЙ; ПАДУНСКИЕ ПОРОГИ — ГАЛАЧИНСКИЙ;1;
ГАЛАЧИНСКИЙ-БРАТСК; ГАЛАЧИНСКИЙ — БРАТСК;2;
БРАТСК-БАГУЛЬНАЯ; БРАТСК — БАГУЛЬНАЯ;1;
БАГУЛЬНАЯ-МОРГУДОН; БАГУЛЬНАЯ — МОРГУДОН;1;
МОРГУДОН-ВИХОРЕВКА; МОРГУДОН — ВИХОРЕВКА;1;
МОРГУДОН-ГАЛАЧИНСКИЙ; МОРГУДОН — ГАЛАЧИНСКИЙ;1;
КОШУРНИКОВО-ЩЕТИНКИНО; КОШУРНИКОВО — ЩЕТИНКИНО;1;
КРАСНАЯ СОПКА-НАЗАРОВО; КРАСНАЯ СОПКА — НАЗАРОВО;1;
НАЗАРОВО-УЛУЙ; НАЗАРОВО — УЛУЙ;1;
КРАСНАЯ СОПКА-УЖУР; КРАСНАЯ СОПКА — УЖУР;1;
КРАСНОАРМЕЙСКИЙ-АНИСИМОВКА; КРАСНОАРМЕЙСКИЙ — АНИСИМОВКА;1;
КРАСНОКАМЕНСК-УРУЛЮНГУЙ; КРАСНОКАМЕНСК — УРУЛЮНГУЙ;1;
УРУЛЮНГУЙ-МАРГУЦЕК; УРУЛЮНГУЙ — МАРГУЦЕК;1;
КРАСНОЯРСК-ВОСТОЧНЫЙ-БАЗАИХА; КРАСНОЯРСК-ВОСТОЧНЫЙ — БАЗАИХА;2;
ЗЫКОВО-БАЗАИХА; ЗЫКОВО — БАЗАИХА;2;
КРАСНОЯРСК-ВОСТОЧНЫЙ-КРАСНОЯРСК-СЕВЕРНЫЙ; КРАСНОЯРСК-ВОСТОЧНЫЙ — КРАСНОЯРСК-СЕВЕРНЫЙ;1;
КРАСНОЯРСК-СЕВЕРНЫЙ-БУГАЧ; КРАСНОЯРСК-СЕВЕРНЫЙ — БУГАЧ;1;
КСЕНЬЕВСКАЯ-ЗИЛОВО; КСЕНЬЕВСКАЯ — ЗИЛОВО;1;
КУЗНЕЦОВСКИЙ-СОЛЛУ; КУЗНЕЦОВСКИЙ — СОЛЛУ;1;
КУЛЬДУР-ИЗВЕСТКОВАЯ; КУЛЬДУР — ИЗВЕСТКОВАЯ;1;
КУН-ГУРСКОЕ; КУН — ГУРСКОЕ;1;
КУН-ЭЛЬДИГАН; КУН — ЭЛЬДИГАН;1;
КУНЕРМА-ДАБАН; КУНЕРМА — ДАБАН;1;
КУЭНГА-ЧЕРНЫШЕВСК-ЗАБАЙКАЛЬСКИЙ; КУЭНГА — ЧЕРНЫШЕВСК-ЗАБАЙКАЛЬСКИЙ;1;
КУЭНГА-СРЕТЕНСК; КУЭНГА — СРЕТЕНСК;1;
ЛЕНА-ЯКУРИМ; ЛЕНА — ЯКУРИМ;1;
ЯКУРИМ-ЛЕНА-ВОСТОЧНАЯ; ЯКУРИМ — ЛЕНА-ВОСТОЧНАЯ;1;
ЛЕНА-ХРЕБТОВАЯ; ЛЕНА — ХРЕБТОВАЯ;1;
ЛЕНА-ВОСТОЧНАЯ-ЧУДНИЧНЫЙ; ЛЕНА-ВОСТОЧНАЯ — ЧУДНИЧНЫЙ;1;
ЛЕСНАЯ-ТУРГУТУЙ; ЛЕСНАЯ — ТУРГУТУЙ;1;
ЛЕСОСИБИРСК-АБАЛАКОВО; ЛЕСОСИБИРСК — АБАЛАКОВО;1;
МАГДАГАЧИ-ТАЛДАН; МАГДАГАЧИ — ТАЛДАН;1;
МАРГУЦЕК-ХАРАНОР; МАРГУЦЕК — ХАРАНОР;1;
МОГЗОН-ХИЛОК; МОГЗОН — ХИЛОК;1;
МОГЗОН-ТУРГУТУЙ; МОГЗОН — ТУРГУТУЙ;1;
МОГОЧА-КСЕНЬЕВСКАЯ; МОГОЧА — КСЕНЬЕВСКАЯ;1;
МОНГОХТО-ВЫСОКОГОРНАЯ; МОНГОХТО — ВЫСОКОГОРНАЯ;1;
МОНИ-БОЛЕН; МОНИ — БОЛЕН;1;
МОШКА-УШМАН; МОШКА — УШМАН;1;
МЫС АСТАФЬЕВА-КРАБОВАЯ; МЫС АСТАФЬЕВА — КРАБОВАЯ;1;
КРАБОВАЯ-РЫБНИКИ; КРАБОВАЯ — РЫБНИКИ;1;
РЫБНИКИ-ТИХООКЕАНСКАЯ; РЫБНИКИ — ТИХООКЕАНСКАЯ;1;
НАНХЧУЛ-ХАБЗАС; НАНХЧУЛ — ХАБЗАС;1;
НАУШКИ-ХАРАНХОЙ; НАУШКИ — ХАРАНХОЙ;1;
НАХОДКА-КУЗНЕЦОВО; НАХОДКА — КУЗНЕЦОВО;1;
КУЗНЕЦОВО-ЛОЗОВЫЙ; КУЗНЕЦОВО — ЛОЗОВЫЙ;1;
ЛОЗОВЫЙ-ПАРТИЗАНСК; ЛОЗОВЫЙ — ПАРТИЗАНСК;1;
НАХОДКА-ВОСТОЧНАЯ-ХМЫЛОВСКИЙ; НАХОДКА-ВОСТОЧНАЯ — ХМЫЛОВСКИЙ;1;
НЕБЕЛЬ-КИРЕНГА; НЕБЕЛЬ — КИРЕНГА;1;
НИЖНЕУДИНСК-АЛЗАМАЙ; НИЖНЕУДИНСК — АЛЗАМАЙ;1;
АЛЗАМАЙ-БАЙРОНОВКА; АЛЗАМАЙ — БАЙРОНОВКА;1;
БАЙРОНОВКА-ТАЙШЕТ; БАЙРОНОВКА — ТАЙШЕТ;1;
НИЯ-ТАКОВКА; НИЯ — ТАКОВКА;1;
НОВАЯ ЕЛОВКА-ТИМОНИНО; НОВАЯ ЕЛОВКА — ТИМОНИНО;1;
ТИМОНИНО-АЧИНСК I; ТИМОНИНО — АЧИНСК I;1;
НОВОБИРЮСИНСКАЯ-РЕШОТЫ; НОВОБИРЮСИНСКАЯ — РЕШОТЫ;1;
НОВОКАЧАЛИНСК-ЛУЧКИ; НОВОКАЧАЛИНСК — ЛУЧКИ;1;
ЛУЧКИ-СИБИРЦЕВО; ЛУЧКИ — СИБИРЦЕВО;1;
ЛУЧКИ-ЯРОСЛАВКА-ПРИМОРСКАЯ; ЛУЧКИ — ЯРОСЛАВКА-ПРИМОРСКАЯ;1;
НОВОНЕЖИНО-СМОЛЯНИНОВО; НОВОНЕЖИНО — СМОЛЯНИНОВО;1;
НОВОЧУГУЕВКА-АРСЕНЬЕВ; НОВОЧУГУЕВКА — АРСЕНЬЕВ;1;
АРСЕНЬЕВ-СИБИРЦЕВО; АРСЕНЬЕВ — СИБИРЦЕВО;1;
НОВЫЙ УОЯН-СЕВЕРОБАЙКАЛЬСК; НОВЫЙ УОЯН — СЕВЕРОБАЙКАЛЬСК;1;
НОВЫЙ УОЯН-АНГАРАКАН; НОВЫЙ УОЯН — АНГАРАКАН;1;
НОВЫЙ УРГАЛ-УРГАЛ I; НОВЫЙ УРГАЛ — УРГАЛ I;1;
УРГАЛ I-СОЛОНИ; УРГАЛ I — СОЛОНИ;1;
НОВЫЙ УРГАЛ-ФЕВРАЛЬСК; НОВЫЙ УРГАЛ — ФЕВРАЛЬСК;1;
ОБЛУЧЬЕ-АРХАРА; ОБЛУЧЬЕ — АРХАРА;1;
ОЛОВЯННАЯ-МОГОЙТУЙ; ОЛОВЯННАЯ — МОГОЙТУЙ;1;
МОГОЙТУЙ-БУРЯТСКАЯ; МОГОЙТУЙ — БУРЯТСКАЯ;1;
ОУНЭ-КУЗНЕЦОВСКИЙ; ОУНЭ — КУЗНЕЦОВСКИЙ;1;
ПАРТИЗАНСК-КРАСНОАРМЕЙСКИЙ; ПАРТИЗАНСК — КРАСНОАРМЕЙСКИЙ;1;
ПЕРЕВАЛЬНЫЙ-КУЛЬДУР; ПЕРЕВАЛЬНЫЙ — КУЛЬДУР;1;
ПОЯРКОВО-ЗАВИТАЯ; ПОЯРКОВО — ЗАВИТАЯ;1;
ПРИАРГУНСК-ДОСАТУЙ; ПРИАРГУНСК — ДОСАТУЙ;1;
ДОСАТУЙ-УРУЛЮНГУЙ; ДОСАТУЙ — УРУЛЮНГУЙ;1;
ПРИГОРОДНЫЙ-АЧИНСК II; ПРИГОРОДНЫЙ — АЧИНСК II;1;
ПРИИСКОВАЯ-КУЭНГА; ПРИИСКОВАЯ — КУЭНГА;1;
РАЗЪЕЗД 557 КМ-КОШУРНИКОВО; РАЗЪЕЗД 557 КМ — КОШУРНИКОВО;1;
РАЗЪЕЗД 557 КМ-ИРБА; РАЗЪЕЗД 557 КМ — ИРБА;1;
РАССЫПНАЯ ПАДЬ-ГРОДЕКОВО; РАССЫПНАЯ ПАДЬ — ГРОДЕКОВО;1;
ГРОДЕКОВО (КИТАЙ)-РАССЫПНАЯ ПАДЬ; ГРОДЕКОВО (КИТАЙ) — РАССЫПНАЯ ПАДЬ;1;
РЕШОТЫ-ИЛАНСКАЯ; РЕШОТЫ — ИЛАНСКАЯ;1;
РУДНОГОРСК-ИГИРМА; РУДНОГОРСК — ИГИРМА;1;
РУЖИНО-БЛОКПОСТ 1571 КМ; РУЖИНО — БЛОКПОСТ 1571 КМ;1;
БЛОКПОСТ 1571 КМ-ДАЛЬНЕРЕЧЕНСК I; БЛОКПОСТ 1571 КМ — ДАЛЬНЕРЕЧЕНСК I;1;
ДАЛЬНЕРЕЧЕНСК I-ЭБЕРГАРД; ДАЛЬНЕРЕЧЕНСК I — ЭБЕРГАРД;1;
БЛОКПОСТ 1571 КМ-ДАЛЬНЕРЕЧЕНСК II; БЛОКПОСТ 1571 КМ — ДАЛЬНЕРЕЧЕНСК II;1;
ДАЛЬНЕРЕЧЕНСК II-ЭБЕРГАРД; ДАЛЬНЕРЕЧЕНСК II — ЭБЕРГАРД;1;
ЭБЕРГАРД-ГУБЕРОВО; ЭБЕРГАРД — ГУБЕРОВО;1;
САЯНСКАЯ-КИЛЬЧУГ; САЯНСКАЯ — КИЛЬЧУГ;1;
СИБИРЦЕВО-СПАССК-ДАЛЬНИЙ; СИБИРЦЕВО — СПАССК-ДАЛЬНИЙ;1;
СПАССК-ДАЛЬНИЙ-ШМАКОВКА; СПАССК-ДАЛЬНИЙ — ШМАКОВКА;1;
ШМАКОВКА-РУЖИНО; ШМАКОВКА — РУЖИНО;1;
СЛЮДЯНКА II-СЛЮДЯНКА I; СЛЮДЯНКА II — СЛЮДЯНКА I;1;
СМОЛЯНИНОВО-ШКОТОВО; СМОЛЯНИНОВО — ШКОТОВО;1;
СМОЛЯНИНОВО-ПЕТРОВКА; СМОЛЯНИНОВО — ПЕТРОВКА;1;
ПЕТРОВКА-БОЛЬШОЙ КАМЕНЬ; ПЕТРОВКА — БОЛЬШОЙ КАМЕНЬ;1;
ПЕТРОВКА-СТРЕЛКОВАЯ; ПЕТРОВКА — СТРЕЛКОВАЯ;1;
СТРЕЛКОВАЯ-ДУНАЙ; СТРЕЛКОВАЯ — ДУНАЙ;1;
СОВЕТСКАЯ ГАВАНЬ- ГОРОД-СОВЕТСКАЯ ГАВАНЬ-СОРТИРОВОЧНАЯ; СОВЕТСКАЯ ГАВАНЬ- ГОРОД — СОВЕТСКАЯ ГАВАНЬ-СОРТИРОВОЧНАЯ;1;
СОВЕТСКАЯ ГАВАНЬ-СОРТИРОВОЧНАЯ-ВАНИНО; СОВЕТСКАЯ ГАВАНЬ-СОРТИРОВОЧНАЯ — ВАНИНО;1;
СОЛЛУ-ВЫСОКОГОРНАЯ; СОЛЛУ — ВЫСОКОГОРНАЯ;1;
СОЛНЦЕВАЯ-УРУЛЬГА; СОЛНЦЕВАЯ — УРУЛЬГА;1;
УРУЛЬГА-ТАРСКАЯ; УРУЛЬГА — ТАРСКАЯ;1;
ТАРСКАЯ-КАРЫМСКАЯ; ТАРСКАЯ — КАРЫМСКАЯ;1;
СОЛОВЬЕВСК-БОРЗЯ; СОЛОВЬЕВСК — БОРЗЯ;1;
СОЛОНИ-ДУССЕ-АЛИНЬ; СОЛОНИ — ДУССЕ-АЛИНЬ;1;
СУЛУК-ПОСТЫШЕВО; СУЛУК — ПОСТЫШЕВО;1;
СУХАНОВКА-БАМБУРОВО; СУХАНОВКА — БАМБУРОВО;1;
БАМБУРОВО-БЛЮХЕР; БАМБУРОВО — БЛЮХЕР;1;
СУХОВСКАЯ-ЗУЙ; СУХОВСКАЯ — ЗУЙ;2;
СУХОВСКАЯ-СУХОВСКАЯ-ЮЖНАЯ; СУХОВСКАЯ — СУХОВСКАЯ-ЮЖНАЯ;2;
СУХОВСКАЯ-АНГАРСК; СУХОВСКАЯ — АНГАРСК;1;
СУХОВСКАЯ-ЮЖНАЯ-АНГАРСК; СУХОВСКАЯ-ЮЖНАЯ — АНГАРСК;1;
АНГАРСК-КИТОЙ; АНГАРСК — КИТОЙ;1;
КИТОЙ-КИТОЙ-КОМБИНАТСКАЯ; КИТОЙ — КИТОЙ-КОМБИНАТСКАЯ;1;
СЮЛЬБАН-НОВАЯ ЧАРА; СЮЛЬБАН — НОВАЯ ЧАРА;1;
ТАГУЛ-ИРБЕЙСКАЯ; ТАГУЛ — ИРБЕЙСКАЯ;1;
ИРБЕЙСКАЯ-САЯНСКАЯ; ИРБЕЙСКАЯ — САЯНСКАЯ;1;
ТАЙШЕТ-ТАГУЛ; ТАЙШЕТ — ТАГУЛ;3;
ТАКОВКА-НЕБЕЛЬ; ТАКОВКА — НЕБЕЛЬ;1;
ТАКСИМО-КУАНДА; ТАКСИМО — КУАНДА;1;
КУАНДА-БАЛБУХТА; КУАНДА — БАЛБУХТА;1;
ТАЛАНДЖА-ПЕРЕВАЛЬНЫЙ; ТАЛАНДЖА — ПЕРЕВАЛЬНЫЙ;1;
ТАЛДАН-БОЛЬШОЙ НЕВЕР; ТАЛДАН — БОЛЬШОЙ НЕВЕР;1;
БОЛЬШОЙ НЕВЕР-СКОВОРОДИНО; БОЛЬШОЙ НЕВЕР — СКОВОРОДИНО;1;
ТАШЕБА-ЧЕРНОГОРСКИЕ КОПИ; ТАШЕБА — ЧЕРНОГОРСКИЕ КОПИ;1;
ТАШЕБА-ТИГЕЙ; ТАШЕБА — ТИГЕЙ;1;
ТИГЕЙ-ХОНЫХ; ТИГЕЙ — ХОНЫХ;2;